tweet,sentiment
Worst experience ever with my day.,negative
This ruined my day: the weather.,negative
This ruined my day: my workout.,negative
So खुश with this product!,positive
I saw the movie yesterday.,neutral
Super happy with my phone!,positive
This ruined my day: the feature.,negative
This the food is absolutely fantastic!,positive
This ruined my day: my phone.,negative
I hate this the update.,negative
Completely useless the restaurant.,negative
this app was discussed in the meeting.,neutral
Trying out the weather.,neutral
I have the food.,neutral
This the experience is absolutely fantastic!,positive
the restaurant was discussed in the meeting.,neutral
I love this this app!,positive
Feeling amazing about the restaurant today!,positive
So खुश with the website!,positive
Trying out my day.,neutral
Planning to use the update.,neutral
Worst experience ever with this product.,negative
Feeling amazing about the feature today!,positive
Completely useless the feature.,negative
Just checking the food.,neutral
Can't stop smiling because of the weather!,positive
Highly recommend this place!,positive
the website is part of my routine.,neutral
This ruined my day: the feature.,negative
this product is part of my routine.,neutral
my phone was discussed in the meeting.,neutral
Worst experience ever with this place.,negative
Never using my workout again.,negative
Information about the service.,neutral
Regret trying the experience.,negative
Completely useless the restaurant.,negative
This this product is so disappointing.,negative
I used the update today.,neutral
Planning to use this product.,neutral
Not happy with my day at all.,negative
Completely useless the food.,negative
This the feature is absolutely fantastic!,positive
I saw the restaurant yesterday.,neutral
This ruined my day: the update.,negative
the update is available now.,neutral
Regret trying the movie.,negative
This the weather is absolutely fantastic!,positive
Information about the update.,neutral
I hate this the food.,negative
I love this the experience!,positive
This the restaurant is so disappointing.,negative
Planning to use the feature.,neutral
this app is part of my routine.,neutral
So frustrating dealing with this product.,negative
I hate this the restaurant.,negative
This the movie is so disappointing.,negative
Information about the website.,neutral
Worst experience ever with the update.,negative
I used the website today.,neutral
This made my day: this product!,positive
I hate this the restaurant.,negative
Highly recommend the food!,positive
Highly recommend the feature!,positive
Trying out the food.,neutral
Never using this app again.,negative
So खुश with the movie!,positive
This this product is so disappointing.,negative
I saw this app yesterday.,neutral
I hate this the update.,negative
Can't stop smiling because of my workout!,positive
Best experience ever with this app!,positive
Can't stop smiling because of the weather!,positive
This this place is so disappointing.,negative
I have this product.,neutral
So खुश with the weather!,positive
This ruined my day: this app.,negative
Never using the weather again.,negative
I used this product today.,neutral
"Totally worth it, the service is awesome!",positive
Never using this place again.,negative
Completely useless the website.,negative
Regret trying the movie.,negative
Highly recommend the service!,positive
Trying out the movie.,neutral
Worst experience ever with my workout.,negative
Planning to use the restaurant.,neutral
Planning to use the feature.,neutral
my phone was discussed in the meeting.,neutral
Feeling terrible about the service.,negative
Best experience ever with this app!,positive
Regret trying the service.,negative
This this place is absolutely fantastic!,positive
Can't stop smiling because of the website!,positive
Super happy with the weather!,positive
Best experience ever with my workout!,positive
Feeling terrible about the website.,negative
Just checking my phone.,neutral
Information about the website.,neutral
Highly recommend this place!,positive
Trying out the food.,neutral
my workout was discussed in the meeting.,neutral
the weather was discussed in the meeting.,neutral
So frustrating dealing with the experience.,negative
Not happy with the food at all.,negative
Super happy with the restaurant!,positive
This ruined my day: this product.,negative
I love this my phone!,positive
Highly recommend my day!,positive
Planning to use this place.,neutral
So खुश with my workout!,positive
Completely useless the update.,negative
the experience is part of my routine.,neutral
This the restaurant is so disappointing.,negative
the food is available now.,neutral
I love this the movie!,positive
Information about this product.,neutral
Worst experience ever with my day.,negative
This ruined my day: the weather.,negative
This ruined my day: my day.,negative
I love this the website!,positive
So frustrating dealing with the experience.,negative
Regret trying the service.,negative
the feature is part of my routine.,neutral
This this product is so disappointing.,negative
this app was discussed in the meeting.,neutral
I hate this the movie.,negative
Worst experience ever with my day.,negative
Not happy with my phone at all.,negative
This this place is so disappointing.,negative
Feeling terrible about the movie.,negative
Highly recommend my workout!,positive
I saw the update yesterday.,neutral
Highly recommend the update!,positive
Not happy with the restaurant at all.,negative
Not happy with this place at all.,negative
Can't stop smiling because of this product!,positive
I love this this app!,positive
Super happy with the restaurant!,positive
my day is available now.,neutral
the experience was discussed in the meeting.,neutral
Feeling terrible about the update.,negative
Just checking the movie.,neutral
This ruined my day: the update.,negative
Highly recommend my phone!,positive
"Totally worth it, the movie is awesome!",positive
the website was discussed in the meeting.,neutral
Feeling terrible about the weather.,negative
Trying out the website.,neutral
Never using this product again.,negative
Feeling amazing about the feature today!,positive
the service is part of my routine.,neutral
the restaurant is part of my routine.,neutral
Feeling amazing about my phone today!,positive
Worst experience ever with my phone.,negative
Completely useless the website.,negative
I love this the movie!,positive
I used the service today.,neutral
This ruined my day: the feature.,negative
the food is part of my routine.,neutral
Information about this app.,neutral
Worst experience ever with my phone.,negative
Regret trying the weather.,negative
"Totally worth it, the service is awesome!",positive
the feature is available now.,neutral
Super happy with my workout!,positive
Just checking the movie.,neutral
Worst experience ever with the food.,negative
this place was discussed in the meeting.,neutral
This my workout is so disappointing.,negative
Highly recommend this place!,positive
Can't stop smiling because of the movie!,positive
I used the restaurant today.,neutral
So खुश with my day!,positive
Feeling terrible about the update.,negative
Highly recommend the update!,positive
This the restaurant is absolutely fantastic!,positive
my day is available now.,neutral
the movie is available now.,neutral
Worst experience ever with the food.,negative
Regret trying the update.,negative
this product was discussed in the meeting.,neutral
Completely useless this product.,negative
Can't stop smiling because of the website!,positive
Trying out my phone.,neutral
Completely useless the website.,negative
Trying out my workout.,neutral
So खुश with this product!,positive
Regret trying this place.,negative
I saw this app yesterday.,neutral
Feeling terrible about the feature.,negative
This made my day: the restaurant!,positive
I hate this my day.,negative
this product is available now.,neutral
Best experience ever with this product!,positive
the feature is part of my routine.,neutral
This ruined my day: my workout.,negative
Best experience ever with this app!,positive
I have the experience.,neutral
Can't stop smiling because of the service!,positive
Can't stop smiling because of this place!,positive
Feeling amazing about the service today!,positive
Worst experience ever with the experience.,negative
I hate this my phone.,negative
This ruined my day: the feature.,negative
Planning to use the website.,neutral
I saw this place yesterday.,neutral
Completely useless this app.,negative
This this product is absolutely fantastic!,positive
I hate this the feature.,negative
I have this product.,neutral
Worst experience ever with this product.,negative
Worst experience ever with the service.,negative
Super happy with the update!,positive
Regret trying the website.,negative
I used this product today.,neutral
this place is available now.,neutral
Feeling amazing about the food today!,positive
Feeling amazing about my workout today!,positive
This the movie is so disappointing.,negative
I have the restaurant.,neutral
So खुश with my phone!,positive
Not happy with my phone at all.,negative
Worst experience ever with the update.,negative
the movie was discussed in the meeting.,neutral
Best experience ever with the weather!,positive
Trying out the food.,neutral
This ruined my day: my phone.,negative
I love this the update!,positive
Not happy with the service at all.,negative
Super happy with the feature!,positive
Not happy with the food at all.,negative
this product is part of my routine.,neutral
I saw the experience yesterday.,neutral
Not happy with this product at all.,negative
I have the food.,neutral
Worst experience ever with my day.,negative
So खुश with the weather!,positive
Highly recommend my workout!,positive
I saw the restaurant yesterday.,neutral
the feature was discussed in the meeting.,neutral
Best experience ever with my phone!,positive
This the update is so disappointing.,negative
Never using the restaurant again.,negative
I have my phone.,neutral
I saw my day yesterday.,neutral
I saw the movie yesterday.,neutral
This the movie is so disappointing.,negative
Best experience ever with the website!,positive
Just checking my day.,neutral
Worst experience ever with my workout.,negative
I have the website.,neutral
I have this app.,neutral
I have my workout.,neutral
I hate this the feature.,negative
This made my day: the update!,positive
Completely useless the website.,negative
Not happy with my phone at all.,negative
I saw the service yesterday.,neutral
This the movie is absolutely fantastic!,positive
Information about my day.,neutral
Never using the website again.,negative
Trying out the experience.,neutral
This ruined my day: the food.,negative
Never using this place again.,negative
Highly recommend the movie!,positive
Not happy with the weather at all.,negative
Trying out the experience.,neutral
I saw the movie yesterday.,neutral
So frustrating dealing with the feature.,negative
my day is available now.,neutral
this product is available now.,neutral
Never using the service again.,negative
my day is part of my routine.,neutral
This the website is absolutely fantastic!,positive
Regret trying my day.,negative
Information about my phone.,neutral
the food is part of my routine.,neutral
Best experience ever with the update!,positive
This made my day: this place!,positive
I hate this my day.,negative
Best experience ever with my day!,positive
Never using my workout again.,negative
Completely useless the food.,negative
Super happy with the website!,positive
Best experience ever with the service!,positive
Feeling amazing about this place today!,positive
this place is available now.,neutral
I hate this the experience.,negative
Worst experience ever with the feature.,negative
Feeling terrible about my day.,negative
So खुश with this product!,positive
Information about my phone.,neutral
Super happy with the movie!,positive
this product was discussed in the meeting.,neutral
Worst experience ever with the website.,negative
Highly recommend the restaurant!,positive
Trying out this product.,neutral
I have the food.,neutral
Completely useless the movie.,negative
So frustrating dealing with my day.,negative
Super happy with the weather!,positive
"Totally worth it, the feature is awesome!",positive
Super happy with this product!,positive
Worst experience ever with this app.,negative
Highly recommend the experience!,positive
Worst experience ever with this product.,negative
I hate this the feature.,negative
Trying out this place.,neutral
I hate this this app.,negative
Planning to use the website.,neutral
Feeling terrible about the food.,negative
Never using my phone again.,negative
I hate this the restaurant.,negative
Worst experience ever with the movie.,negative
This the experience is absolutely fantastic!,positive
my workout is available now.,neutral
I saw the website yesterday.,neutral
Super happy with the service!,positive
I love this the feature!,positive
I have the update.,neutral
Highly recommend my day!,positive
I love this this app!,positive
Highly recommend the update!,positive
Trying out my day.,neutral
Feeling terrible about the weather.,negative
This made my day: the experience!,positive
I hate this the service.,negative
Not happy with my phone at all.,negative
This the feature is so disappointing.,negative
This the service is so disappointing.,negative
Completely useless the service.,negative
Never using this product again.,negative
I used the feature today.,neutral
Feeling terrible about the service.,negative
Not happy with my phone at all.,negative
Regret trying the restaurant.,negative
I love this this app!,positive
Just checking the movie.,neutral
Just checking this place.,neutral
This the food is so disappointing.,negative
Highly recommend my day!,positive
I hate this the website.,negative
the weather is part of my routine.,neutral
the weather is available now.,neutral
So frustrating dealing with my day.,negative
Feeling terrible about this place.,negative
Trying out this product.,neutral
This this app is absolutely fantastic!,positive
Information about the update.,neutral
Regret trying the restaurant.,negative
Regret trying the website.,negative
Not happy with the restaurant at all.,negative
So frustrating dealing with the website.,negative
I love this this product!,positive
Regret trying the restaurant.,negative
Completely useless the feature.,negative
I love this my phone!,positive
Feeling terrible about the experience.,negative
Can't stop smiling because of my workout!,positive
I used this product today.,neutral
This ruined my day: my phone.,negative
the food is part of my routine.,neutral
Highly recommend the experience!,positive
Can't stop smiling because of the service!,positive
I used the restaurant today.,neutral
This ruined my day: this app.,negative
Highly recommend the restaurant!,positive
I used this app today.,neutral
Super happy with the weather!,positive
I love this the weather!,positive
Trying out this place.,neutral
Planning to use the feature.,neutral
Information about the food.,neutral
Can't stop smiling because of the feature!,positive
I hate this the feature.,negative
Worst experience ever with the experience.,negative
I used the food today.,neutral
This ruined my day: the experience.,negative
I used my day today.,neutral
Trying out this place.,neutral
Feeling terrible about my workout.,negative
This the restaurant is absolutely fantastic!,positive
This the service is so disappointing.,negative
Super happy with this app!,positive
I love this my workout!,positive
So खुश with the food!,positive
Feeling terrible about the experience.,negative
I saw the food yesterday.,neutral
Regret trying the update.,negative
This this place is so disappointing.,negative
I used my workout today.,neutral
I love this this place!,positive
I hate this the website.,negative
Best experience ever with the food!,positive
"Totally worth it, the update is awesome!",positive
So frustrating dealing with the restaurant.,negative
I have my day.,neutral
Super happy with the movie!,positive
Feeling terrible about the website.,negative
This ruined my day: this app.,negative
Regret trying the experience.,negative
Highly recommend the movie!,positive
Just checking the update.,neutral
Feeling amazing about the website today!,positive
Feeling amazing about the website today!,positive
I have my workout.,neutral
So frustrating dealing with this product.,negative
Just checking the service.,neutral
Information about this app.,neutral
the feature is available now.,neutral
Completely useless the update.,negative
Trying out the movie.,neutral
Feeling terrible about this app.,negative
So frustrating dealing with the feature.,negative
So खुश with the website!,positive
Super happy with the feature!,positive
Information about this product.,neutral
Feeling amazing about the service today!,positive
I love this the update!,positive
my phone is part of my routine.,neutral
Feeling terrible about the update.,negative
Not happy with the movie at all.,negative
Best experience ever with the restaurant!,positive
Information about the experience.,neutral
I used the restaurant today.,neutral
I saw the service yesterday.,neutral
Not happy with the food at all.,negative
This ruined my day: this place.,negative
This ruined my day: this product.,negative
Just checking the update.,neutral
the weather is available now.,neutral
This made my day: my day!,positive
Planning to use the restaurant.,neutral
I love this the food!,positive
I have the experience.,neutral
"Totally worth it, my phone is awesome!",positive
Just checking the experience.,neutral
"Totally worth it, the feature is awesome!",positive
Worst experience ever with the feature.,negative
I saw my day yesterday.,neutral
I have the food.,neutral
Completely useless this place.,negative
I hate this the website.,negative
I have the website.,neutral
So frustrating dealing with the restaurant.,negative
Highly recommend this product!,positive
So frustrating dealing with the update.,negative
Best experience ever with this product!,positive
Not happy with my workout at all.,negative
Never using the experience again.,negative
I have the experience.,neutral
Completely useless my phone.,negative
Worst experience ever with the restaurant.,negative
Can't stop smiling because of the food!,positive
Regret trying the movie.,negative
Planning to use the weather.,neutral
Super happy with the restaurant!,positive
This the experience is absolutely fantastic!,positive
Regret trying the feature.,negative
This the experience is so disappointing.,negative
This this app is so disappointing.,negative
Super happy with the movie!,positive
So खुश with the feature!,positive
Best experience ever with the movie!,positive
I saw this product yesterday.,neutral
Not happy with my workout at all.,negative
I hate this this app.,negative
I hate this the update.,negative
Feeling terrible about the restaurant.,negative
This the feature is absolutely fantastic!,positive
Worst experience ever with the website.,negative
I used my phone today.,neutral
I love this this place!,positive
the website is available now.,neutral
I have the feature.,neutral
This ruined my day: my day.,negative
I love this the service!,positive
"Totally worth it, the feature is awesome!",positive
my phone is part of my routine.,neutral
Completely useless the movie.,negative
Best experience ever with the food!,positive
Feeling amazing about the experience today!,positive
Highly recommend this app!,positive
Information about the feature.,neutral
Information about this product.,neutral
Worst experience ever with the weather.,negative
the service is available now.,neutral
I love this the feature!,positive
Trying out the weather.,neutral
I saw the restaurant yesterday.,neutral
This ruined my day: the experience.,negative
I saw the feature yesterday.,neutral
this product is part of my routine.,neutral
I used the service today.,neutral
I used the feature today.,neutral
This made my day: my workout!,positive
I hate this this product.,negative
Completely useless the food.,negative
Highly recommend the weather!,positive
Completely useless the restaurant.,negative
This the update is absolutely fantastic!,positive
So खुश with this place!,positive
I hate this the feature.,negative
Planning to use this app.,neutral
This ruined my day: my day.,negative
Feeling amazing about the website today!,positive
I hate this the restaurant.,negative
I saw this place yesterday.,neutral
the weather is available now.,neutral
Best experience ever with this place!,positive
So खुश with the website!,positive
Best experience ever with the website!,positive
Best experience ever with my phone!,positive
I saw this product yesterday.,neutral
I love this the update!,positive
I have this product.,neutral
I saw the movie yesterday.,neutral
Feeling amazing about my workout today!,positive
Planning to use this place.,neutral
I hate this the update.,negative
the restaurant is part of my routine.,neutral
I saw the feature yesterday.,neutral
Not happy with the feature at all.,negative
Regret trying the restaurant.,negative
Never using my phone again.,negative
Just checking this app.,neutral
Information about the food.,neutral
This ruined my day: this product.,negative
Super happy with this product!,positive
This the restaurant is so disappointing.,negative
I saw the movie yesterday.,neutral
So frustrating dealing with this product.,negative
Planning to use my workout.,neutral
This made my day: the service!,positive
Can't stop smiling because of my phone!,positive
Feeling amazing about this app today!,positive
Highly recommend my phone!,positive
my day is available now.,neutral
Highly recommend this place!,positive
the update is part of my routine.,neutral
This this place is so disappointing.,negative
the experience was discussed in the meeting.,neutral
So खुश with my day!,positive
Best experience ever with the movie!,positive
Planning to use this app.,neutral
So frustrating dealing with the feature.,negative
I have my workout.,neutral
"Totally worth it, the update is awesome!",positive
"Totally worth it, the experience is awesome!",positive
I love this this app!,positive
This ruined my day: the restaurant.,negative
Never using the movie again.,negative
This my workout is absolutely fantastic!,positive
Can't stop smiling because of the service!,positive
I love this the experience!,positive
I saw the food yesterday.,neutral
I love this this app!,positive
Just checking this app.,neutral
Super happy with the movie!,positive
Not happy with the movie at all.,negative
I used the update today.,neutral
Information about my workout.,neutral
This the experience is so disappointing.,negative
Information about the restaurant.,neutral
Just checking the feature.,neutral
the weather was discussed in the meeting.,neutral
the movie is available now.,neutral
I love this the service!,positive
I love this the restaurant!,positive
Just checking this place.,neutral
Just checking the food.,neutral
Feeling terrible about my day.,negative
Never using the website again.,negative
This ruined my day: the food.,negative
Not happy with my workout at all.,negative
Trying out the weather.,neutral
the restaurant is part of my routine.,neutral
Just checking the restaurant.,neutral
Not happy with this place at all.,negative
I used the restaurant today.,neutral
Worst experience ever with my day.,negative
This ruined my day: my phone.,negative
the service is available now.,neutral
Feeling amazing about this app today!,positive
I have the weather.,neutral
This the feature is so disappointing.,negative
my phone is part of my routine.,neutral
This ruined my day: the food.,negative
this product is part of my routine.,neutral
Trying out this place.,neutral
Can't stop smiling because of the restaurant!,positive
I love this my workout!,positive
the weather is available now.,neutral
this place is available now.,neutral
Trying out this product.,neutral
I saw this place yesterday.,neutral
Just checking my workout.,neutral
This made my day: this place!,positive
Completely useless the experience.,negative
This the experience is absolutely fantastic!,positive
Not happy with my phone at all.,negative
Trying out the movie.,neutral
This the movie is absolutely fantastic!,positive
Super happy with the movie!,positive
Not happy with the service at all.,negative
This the weather is absolutely fantastic!,positive
So खुश with the weather!,positive
I saw the website yesterday.,neutral
Trying out this product.,neutral
Super happy with the service!,positive
Worst experience ever with the weather.,negative
So खुश with the service!,positive
Feeling terrible about my phone.,negative
Feeling amazing about the weather today!,positive
Regret trying the experience.,negative
I have the feature.,neutral
the feature is part of my routine.,neutral
I hate this my day.,negative
the update is part of my routine.,neutral
Best experience ever with the website!,positive
Not happy with the food at all.,negative
So frustrating dealing with this app.,negative
I saw the service yesterday.,neutral
Information about my workout.,neutral
Highly recommend the food!,positive
Super happy with the restaurant!,positive
Planning to use the weather.,neutral
"Totally worth it, the experience is awesome!",positive
So frustrating dealing with the update.,negative
Highly recommend the experience!,positive
I have the update.,neutral
my day was discussed in the meeting.,neutral
Regret trying my day.,negative
Not happy with the movie at all.,negative
Completely useless the website.,negative
Never using the website again.,negative
This the weather is absolutely fantastic!,positive
Highly recommend my workout!,positive
I saw this app yesterday.,neutral
Never using the food again.,negative
This ruined my day: the feature.,negative
So खुश with the weather!,positive
Just checking the service.,neutral
Planning to use this product.,neutral
Worst experience ever with my workout.,negative
I love this the service!,positive
Never using the feature again.,negative
Feeling terrible about this product.,negative
This my phone is so disappointing.,negative
Never using the website again.,negative
This my phone is absolutely fantastic!,positive
Not happy with the movie at all.,negative
This the feature is absolutely fantastic!,positive
This made my day: the restaurant!,positive
Can't stop smiling because of the feature!,positive
Highly recommend the update!,positive
my phone was discussed in the meeting.,neutral
Feeling terrible about the feature.,negative
Completely useless the experience.,negative
Not happy with my phone at all.,negative
Information about this product.,neutral
Not happy with my day at all.,negative
Can't stop smiling because of the movie!,positive
I love this the website!,positive
Just checking my workout.,neutral
Planning to use my phone.,neutral
So खुश with the service!,positive
This ruined my day: this app.,negative
Can't stop smiling because of the food!,positive
Trying out the feature.,neutral
So frustrating dealing with the service.,negative
this app is part of my routine.,neutral
Never using the restaurant again.,negative
I have my phone.,neutral
This this place is so disappointing.,negative
Information about this app.,neutral
the movie was discussed in the meeting.,neutral
This my phone is so disappointing.,negative
Regret trying the feature.,negative
Highly recommend the movie!,positive
So खुश with the weather!,positive
Never using the experience again.,negative
Trying out the weather.,neutral
Can't stop smiling because of the movie!,positive
I have my phone.,neutral
Not happy with the website at all.,negative
Never using my workout again.,negative
Information about my day.,neutral
Can't stop smiling because of this app!,positive
I used the service today.,neutral
Super happy with the restaurant!,positive
This made my day: this app!,positive
Planning to use the service.,neutral
Just checking this product.,neutral
I used my phone today.,neutral
I used the restaurant today.,neutral
Just checking this place.,neutral
I have the experience.,neutral
This the restaurant is absolutely fantastic!,positive
This my day is absolutely fantastic!,positive
Feeling terrible about the movie.,negative
my workout is available now.,neutral
So खुश with the movie!,positive
I hate this this product.,negative
I hate this the website.,negative
I saw this app yesterday.,neutral
Feeling amazing about this app today!,positive
Not happy with the update at all.,negative
Super happy with this product!,positive
So frustrating dealing with the website.,negative
Can't stop smiling because of the service!,positive
Feeling amazing about the website today!,positive
So खुश with the food!,positive
I used the food today.,neutral
So खुश with the food!,positive
This ruined my day: the website.,negative
Feeling terrible about the restaurant.,negative
Completely useless this app.,negative
I saw the weather yesterday.,neutral
Never using the food again.,negative
Completely useless this product.,negative
Regret trying the website.,negative
This my day is absolutely fantastic!,positive
Regret trying the movie.,negative
This made my day: the update!,positive
This the service is absolutely fantastic!,positive
This this app is absolutely fantastic!,positive
Can't stop smiling because of the weather!,positive
This the weather is so disappointing.,negative
Best experience ever with this place!,positive
Completely useless the food.,negative
This made my day: the movie!,positive
Information about the website.,neutral
This made my day: the experience!,positive
Not happy with the food at all.,negative
This made my day: my phone!,positive
Never using the restaurant again.,negative
Trying out the experience.,neutral
Can't stop smiling because of the feature!,positive
"Totally worth it, the website is awesome!",positive
This made my day: the experience!,positive
Best experience ever with this place!,positive
Not happy with the weather at all.,negative
Highly recommend this place!,positive
Not happy with the weather at all.,negative
Regret trying the website.,negative
I love this my day!,positive
Best experience ever with the feature!,positive
Worst experience ever with the food.,negative
This the service is absolutely fantastic!,positive
Planning to use the weather.,neutral
Never using this place again.,negative
Feeling amazing about this app today!,positive
I used my phone today.,neutral
This the feature is so disappointing.,negative
the movie is part of my routine.,neutral
This my phone is so disappointing.,negative
This made my day: my workout!,positive
Trying out the experience.,neutral
This ruined my day: the restaurant.,negative
Never using my phone again.,negative
I used the service today.,neutral
This my workout is so disappointing.,negative
Highly recommend my phone!,positive
I hate this the website.,negative
Feeling terrible about my workout.,negative
Best experience ever with the service!,positive
the service was discussed in the meeting.,neutral
Feeling amazing about the service today!,positive
Feeling amazing about the restaurant today!,positive
the website is available now.,neutral
"Totally worth it, the food is awesome!",positive
Never using the feature again.,negative
I love this my phone!,positive
I hate this the movie.,negative
I have the experience.,neutral
"Totally worth it, the restaurant is awesome!",positive
Information about this place.,neutral
I love this this app!,positive
"Totally worth it, the service is awesome!",positive
So frustrating dealing with my phone.,negative
So frustrating dealing with the movie.,negative
Highly recommend the feature!,positive
Not happy with the movie at all.,negative
Feeling terrible about the website.,negative
Trying out this product.,neutral
the service is available now.,neutral
Trying out the weather.,neutral
Just checking my phone.,neutral
Never using my phone again.,negative
Not happy with this place at all.,negative
Completely useless the update.,negative
Information about the food.,neutral
I hate this this product.,negative
Can't stop smiling because of this place!,positive
Worst experience ever with this place.,negative
Not happy with the feature at all.,negative
the service is part of my routine.,neutral
the food is part of my routine.,neutral
"Totally worth it, the food is awesome!",positive
Super happy with the update!,positive
I have the feature.,neutral
the service was discussed in the meeting.,neutral
Feeling amazing about my phone today!,positive
I have the website.,neutral
the website was discussed in the meeting.,neutral
Worst experience ever with the food.,negative
Worst experience ever with the feature.,negative
Trying out the update.,neutral
Just checking my phone.,neutral
Regret trying the service.,negative
This made my day: the experience!,positive
Highly recommend the weather!,positive
Super happy with this app!,positive
So खुश with the food!,positive
So frustrating dealing with the food.,negative
Super happy with the service!,positive
I used the service today.,neutral
Highly recommend the service!,positive
Best experience ever with the service!,positive
Information about the feature.,neutral
Regret trying the website.,negative
Worst experience ever with the service.,negative
this product was discussed in the meeting.,neutral
"Totally worth it, the food is awesome!",positive
So खुश with the website!,positive
This the website is so disappointing.,negative
Planning to use the website.,neutral
Not happy with the feature at all.,negative
Best experience ever with this product!,positive
Completely useless the weather.,negative
I hate this this place.,negative
Highly recommend the restaurant!,positive
I love this the experience!,positive
Regret trying the experience.,negative
So frustrating dealing with my phone.,negative
I saw the restaurant yesterday.,neutral
Super happy with the website!,positive
So खुश with my day!,positive
I saw the movie yesterday.,neutral
Worst experience ever with the experience.,negative
This the service is absolutely fantastic!,positive
my day is part of my routine.,neutral
I love this the experience!,positive
Never using the service again.,negative
So frustrating dealing with this app.,negative
I love this the service!,positive
Not happy with this app at all.,negative
So frustrating dealing with this place.,negative
This made my day: the website!,positive
Super happy with the food!,positive
Not happy with the website at all.,negative
Not happy with the experience at all.,negative
Planning to use the experience.,neutral
I love this the restaurant!,positive
So खुश with this place!,positive
So खुश with the experience!,positive
Highly recommend this app!,positive
Can't stop smiling because of my phone!,positive
Can't stop smiling because of the service!,positive
Never using the update again.,negative
So खुश with the update!,positive
the weather was discussed in the meeting.,neutral
Planning to use my workout.,neutral
the update is part of my routine.,neutral
I love this my day!,positive
the service is available now.,neutral
I used this place today.,neutral
This the restaurant is absolutely fantastic!,positive
This my day is so disappointing.,negative
Regret trying the restaurant.,negative
Regret trying my day.,negative
I hate this this place.,negative
Feeling amazing about the experience today!,positive
Information about my phone.,neutral
I saw the feature yesterday.,neutral
Super happy with this place!,positive
I used the movie today.,neutral
So frustrating dealing with my day.,negative
this place was discussed in the meeting.,neutral
Highly recommend the website!,positive
Just checking the website.,neutral
Trying out the update.,neutral
the food is part of my routine.,neutral
This the food is absolutely fantastic!,positive
This my day is so disappointing.,negative
Feeling terrible about the restaurant.,negative
Highly recommend this product!,positive
Not happy with this product at all.,negative
Trying out the weather.,neutral
Never using my day again.,negative
Never using the movie again.,negative
Feeling terrible about the food.,negative
I have the feature.,neutral
Trying out the movie.,neutral
Not happy with the experience at all.,negative
"Totally worth it, the movie is awesome!",positive
Feeling amazing about my day today!,positive
Feeling amazing about the food today!,positive
Planning to use the website.,neutral
Not happy with this product at all.,negative
I hate this the update.,negative
Feeling amazing about this place today!,positive
This ruined my day: this product.,negative
I hate this my phone.,negative
This the restaurant is absolutely fantastic!,positive
Feeling terrible about this app.,negative
Worst experience ever with the experience.,negative
Trying out this app.,neutral
This the update is so disappointing.,negative
Not happy with this place at all.,negative
This the movie is absolutely fantastic!,positive
"Totally worth it, the service is awesome!",positive
Highly recommend the website!,positive
Highly recommend the food!,positive
Worst experience ever with the update.,negative
Never using the feature again.,negative
Not happy with the feature at all.,negative
Regret trying the service.,negative
So frustrating dealing with the service.,negative
So frustrating dealing with the website.,negative
Super happy with the experience!,positive
Feeling terrible about the restaurant.,negative
I hate this this app.,negative
I hate this the restaurant.,negative
my day was discussed in the meeting.,neutral
Information about my phone.,neutral
I have my day.,neutral
So frustrating dealing with the restaurant.,negative
This my day is so disappointing.,negative
Highly recommend this place!,positive
Completely useless the restaurant.,negative
So frustrating dealing with the update.,negative
Trying out the restaurant.,neutral
I used this app today.,neutral
I hate this this place.,negative
I saw the experience yesterday.,neutral
So frustrating dealing with the website.,negative
this place is part of my routine.,neutral
This ruined my day: my day.,negative
So खुश with this place!,positive
This made my day: my phone!,positive
this app was discussed in the meeting.,neutral
Feeling amazing about this product today!,positive
So खुश with the movie!,positive
this app is available now.,neutral
I have this product.,neutral
the website is part of my routine.,neutral
Not happy with the website at all.,negative
I have this place.,neutral
Never using my phone again.,negative
So frustrating dealing with the service.,negative
I love this my phone!,positive
Information about this app.,neutral
I love this the feature!,positive
I used this product today.,neutral
Super happy with my workout!,positive
Best experience ever with the food!,positive
I used the update today.,neutral
This ruined my day: the feature.,negative
my workout was discussed in the meeting.,neutral
This ruined my day: the restaurant.,negative
Just checking this product.,neutral
Can't stop smiling because of the service!,positive
Planning to use the movie.,neutral
Not happy with the restaurant at all.,negative
Completely useless the update.,negative
I love this the restaurant!,positive
Completely useless my phone.,negative
Just checking the update.,neutral
Highly recommend this place!,positive
Trying out the experience.,neutral
Information about the update.,neutral
Regret trying the food.,negative
Highly recommend the food!,positive
This the experience is absolutely fantastic!,positive
Can't stop smiling because of the feature!,positive
Highly recommend the movie!,positive
Feeling amazing about the weather today!,positive
Super happy with the restaurant!,positive
I used the weather today.,neutral
Super happy with the service!,positive
Trying out the website.,neutral
Planning to use the movie.,neutral
Just checking the service.,neutral
"Totally worth it, this app is awesome!",positive
This made my day: this app!,positive
Trying out the experience.,neutral
Trying out this app.,neutral
Highly recommend the update!,positive
So खुश with the food!,positive
Completely useless this product.,negative
This the food is so disappointing.,negative
Best experience ever with the experience!,positive
Feeling terrible about this app.,negative
Just checking this place.,neutral
Information about this app.,neutral
I have the movie.,neutral
Just checking my day.,neutral
Information about the experience.,neutral
